{"cameraMode":{"drawMode":0,"name":"Shaded","section":"Shading Mode"},"sceneLighting":false,"audioPlay":false,"sceneViewState":{"showFog":false,"showMaterialUpdate":false,"showSkybox":false,"showFlares":false,"showImageEffects":false,"showParticleSystems":false},"in2DMode":false,"pivot":{"x":5.1532793045043949,"y":-4.600366115570068,"z":-1.1705243587493897},"rotation":{"x":-0.16470858454704286,"y":-0.2717909514904022,"z":-0.04724693298339844,"w":0.9469791054725647},"size":3.1435046195983888,"orthographic":false}