{"cameraMode":{"drawMode":0,"name":"Shaded","section":"Shading Mode"},"sceneLighting":false,"audioPlay":false,"sceneViewState":{"showFog":false,"showMaterialUpdate":false,"showSkybox":false,"showFlares":false,"showImageEffects":false,"showParticleSystems":false},"in2DMode":false,"pivot":{"x":1.2282308340072632,"y":-3.2476463317871095,"z":1255.0},"rotation":{"x":0.010762498714029789,"y":-0.07990124076604843,"z":0.000887351983692497,"w":0.9967445135116577},"size":2.995922803878784,"orthographic":false}