{"cameraMode":{"drawMode":0,"name":"Shaded","section":"Shading Mode"},"sceneLighting":false,"audioPlay":false,"sceneViewState":{"showFog":false,"showMaterialUpdate":false,"showSkybox":false,"showFlares":false,"showImageEffects":false,"showParticleSystems":false},"in2DMode":false,"pivot":{"x":9.54651927947998,"y":-4.809746265411377,"z":-0.9754009246826172},"rotation":{"x":-0.023690395057201387,"y":0.02649843320250511,"z":0.0006586577510461211,"w":0.9993786811828613},"size":1.7566719055175782,"orthographic":false}