{"cameraMode":{"drawMode":0,"name":"Shaded","section":"Shading Mode"},"sceneLighting":false,"audioPlay":false,"sceneViewState":{"showFog":false,"showMaterialUpdate":false,"showSkybox":false,"showFlares":false,"showImageEffects":false,"showParticleSystems":false},"in2DMode":false,"pivot":{"x":9.30370044708252,"y":-4.845345497131348,"z":-0.8147347569465637},"rotation":{"x":-0.1802002638578415,"y":-0.010815652087330819,"z":-0.001956694759428501,"w":0.9835689663887024},"size":2.376736879348755,"orthographic":false}